<?xml version="1.0" encoding="UTF-8"?><metadata><idinfo><citation><citeinfo><origin>University of Rhode Island Environmental Data Center</origin><pubdate>20170620</pubdate><title>2016 Submerged Aquatic Vegetation Mapping for Rhode Island Coastal Waters; SAV16</title><geoform>vector digital data</geoform><pubinfo><pubplace>Kingston, RI</pubplace><publish>University of Rhode Island Environmental Data Center</publish></pubinfo><othercit>Suggested bibliographic reference: RIGIS, 2017. Submerged Aquatic Vegetation (2012); SAV16. Rhode Island Geographic Information System (RIGIS) Data Distribution System, URL: http://www.rigis.org, Environmental Data Center, University of Rhode Island, Kingston, Rhode Island (last date accessed:30 June 2017).</othercit><onlink>http://www.edc.uri.edu</onlink></citeinfo></citation><descript><abstract>Aerial imagery was collected for all of Rhode Island coastal areas over two days in June (15th and 26th) during the low tides of the month. Aerial photo collection followed protocals from Finkbeiner et al. (2001). Based on these guidelines, photos were taken at a low sun angle, two hours withing low tide, when wind and atmospheric haze were minimal, and when water clarity was high. Altitude of the aircraft during photo aquisition was about 16,000ft (Quantum Spatial, 2016). Water clarity was measured by volunteers using secchi disks as target dates for acquisition of aerial photography approached. Aerial imagery was turned into an orthophotographic basemap by the photogrammetric vendor (Quantum Spatial). Photo signatures of SAV were delineated on the orthophotography and taken into the field for verification. Field verification was done using GPS and underwater video. Final delineations of SAV polygons included field verification of the deep water edge and other GPS points collected on the water.</abstract><purpose>Submerged aquatic vegetation beds (SAV) are a critical estuarine habitat.  In Rhode Island, the main species of SAV is eelgrass (Zostera marina).  Mapping the extent and quantifying the acreage of eelgrass is a critical first step toward understanding, managing, and protecting these vital habitats.  SAV has been identified as a critical marine resource and is currently protected by both Federal and state legislation. As such the Atlantic States Marine Fisheries Commission has a stated policy on the assessment, protection, and study of SAV as a recommendation for all member states.</purpose></descript><timeperd><timeinfo><sngdate><caldate>20160615</caldate></sngdate><sngdate><caldate>20160626</caldate></sngdate></timeinfo><current>ground condition</current></timeperd><status><progress>Complete</progress><update>None planned</update></status><spdom><bounding><westbc>-71.896844</westbc><eastbc>-71.179956</eastbc><northbc>41.700261</northbc><southbc>41.162938</southbc></bounding></spdom><keywords><theme><themekt>None</themekt><themekey>SAV</themekey><themekey>eelgrass</themekey><themekey>2016</themekey><themekey>widgeon grass</themekey></theme><theme><themekt>ISO 19115 Topic Categories</themekt><themekey>biota</themekey><themekey>environment</themekey></theme><place><placekt>None</placekt><placekey>Rhode Island</placekey><placekey>coastal</placekey><placekey>coastal ponds</placekey><placekey>Narragansett Bay</placekey><placekey>Block Island</placekey></place></keywords><accconst>None</accconst><useconst>These data are presented as is and it is up to the user of these data to understand the accuracy and associated error included herein. Additionally, these data should NOT replace field surveys of SAV especially for permitting and compliance. Please see accompanying report for details.
This dataset is provided 'as is.’  The producer(s) of this dataset, contributors to this dataset, the Rhode Island Geographic Information System (RIGIS) consortium, the State of Rhode Island, and the University of Rhode Island do not make any warranties of any kind for this dataset, and are not liable for any loss or damage however and whenever caused by any use of this dataset.  Please acknowledge both RIGIS and the primary producer(s) of this dataset in any derived products.  Versions of the RIGIS logo suitable for both printed and web-based products are available at http://www.rigis.org/logos.</useconst><ptcontac><cntinfo><cntorgp><cntorg>University of Rhode Island - Environmental Data Center</cntorg><cntper>Michael Bradley</cntper></cntorgp><cntpos>Research Associate</cntpos><cntaddr><addrtype>mailing and physical</addrtype><address>103 Coastal Institute Kingston</address><city>Kingston</city><state>RI</state><postal>02881</postal><country>US</country></cntaddr><cntvoice>401-874-5054</cntvoice><cntemail>mike@edc.uri.edu</cntemail></cntinfo></ptcontac><datacred>Rhode Island Eelgrass Mapping Taskforce.  Including:  Michael Bradley, URI-EDC; Caitlin Chaffee, RI CRMC; Kenny Raposa, NBNERR.
Funding for this work is from RI Coastal Resources Management Council. 
Collection and production of 2016 orthophotograpy was made possible thanks to the USGS Geospatial Product and Service Contract.</datacred><native>Version 6.2 (Build 9200) ; Esri ArcGIS 10.5.0.6491</native></idinfo><dataqual><attracc><attraccr>All attributes tested against a master set of valid attributes.</attraccr><qattracc><attracce>All attributes tested against a master set of valid attributes.</attracce></qattracc></attracc><logic>Tests of logical consistency were done using vendor software.  All polygons were tested for internal closure with vendor software.</logic><complete>No data has been omitted or generalized; all data were manually reviewed and determined to be complete.</complete><posacc><horizpa><horizpar>Conforms to NMAS for 1:1200 scale data.</horizpar></horizpa></posacc><lineage><srcinfo><srccite><citeinfo><title>2016 SAV polygons for all coastal Rhode Island waters</title></citeinfo></srccite><typesrc>onLine</typesrc><srccitea>2016 SAV polygons for all coastal Rhode Island waters</srccitea><srccontr>2016 SAV polygons for all coastal Rhode Island waters.</srccontr></srcinfo><procstep><procdesc>Polygons of SAV were heads-up digitized on the orthophotography collected during June of 2016.  Historical datasets from 2012 and 2006 were also used to zero-in on potential areas of SAV.   Polygons were loaded onto a GPS enabled tablet with ArcPad and taken out on a boat for field investigations.  We used an underwater video camera to verify presence of eelgrass.  We collected GPS points in the field and coded them as having eelgrass or not.  We focused on the center of the polygon and the deepwater edge of the eelgrass beds.  Final delineations of eelgrass were adjusted to include the GPS field data.  Not all polygons were field visited.  As such we included a field (ground-truth year) in the attribute table.</procdesc><procdate>20160915</procdate><proccont><cntinfo><cntorgp><cntorg>University of Rhode Island - Environmental Data Center</cntorg><cntper>Michael Bradley</cntper></cntorgp><cntpos>Research Associate</cntpos><cntaddr><addrtype>mailing and physical</addrtype><address>103 Coastal Institute Kingston</address><city>Kingston</city><state>RI</state><postal>02881</postal><country>US</country></cntaddr><cntvoice>401-874-5054</cntvoice><cntemail>mike@edc.uri.edu</cntemail></cntinfo></proccont></procstep><procstep><procdesc>Data contributed to RIGIS by the University of Rhode Island Environmental Data Center.  Metadata were reviewed, minor updates made to its content, RIGIS distribution information added.</procdesc><procdate>20170630</procdate><proccont><cntinfo><cntorgp><cntorg>University of Rhode Island Environmental Data Center</cntorg><cntper>Greg Bonynge</cntper></cntorgp><cntaddr><addrtype>mailing and physical</addrtype><address>1 Greenhouse Road</address><city>Kingston</city><state>RI</state><postal>02881</postal></cntaddr><cntvoice>401-874-2180</cntvoice><cntemail>greg@edc.uri.edu</cntemail><cntinst>email preferred</cntinst></cntinfo></proccont></procstep></lineage></dataqual><spdoinfo><direct>Vector</direct><ptvctinf><sdtsterm><sdtstype>GT-polygon composed of chains</sdtstype><ptvctcnt>187</ptvctcnt></sdtsterm></ptvctinf></spdoinfo><spref><horizsys><planar><gridsys><gridsysn>State Plane Coordinate System 1983</gridsysn><spcs><spcszone>3800</spcszone><transmer><sfctrmer>0.99999375</sfctrmer><longcm>-71.50000000</longcm><latprjo>41.08333333</latprjo><feast>328083.33333333</feast><fnorth>0</fnorth></transmer></spcs></gridsys><planci><plance>coordinate pair</plance><coordrep><absres>1.64042</absres><ordres>1.64042</ordres></coordrep><plandu>feet</plandu></planci></planar><geodetic><horizdn>D_North_American_1983</horizdn><ellips>GRS_1980</ellips><semiaxis>6378137.000000</semiaxis><denflat>298.257</denflat></geodetic></horizsys></spref><eainfo><detailed><enttyp><enttypl>SAV16</enttypl><enttypd>polygons of SAV for 2016</enttypd><enttypds>dataset owner</enttypds></enttyp><attr><attrlabl>FID</attrlabl><attrdef>Internal feature number.</attrdef><attrdefs>Esri</attrdefs><attrdomv><udom>Sequential unique whole numbers that are automatically generated.</udom></attrdomv></attr><attr><attrlabl>Shape</attrlabl><attrdef>Feature geometry.</attrdef><attrdefs>Esri</attrdefs><attrdomv><udom>Coordinates defining the features.</udom></attrdomv></attr><attr><attrlabl>hectares</attrlabl><attrdef>area of the polygon in hectares.</attrdef><attrdefs>dataset owner</attrdefs><attrdomv><udom>hectares</udom></attrdomv><attrmfrq>011</attrmfrq></attr><attr><attrlabl>acres</attrlabl><attrdef>area of the polygon in acres</attrdef><attrdefs>dataset owner</attrdefs><attrdomv><udom>acres</udom></attrdomv></attr><attr><attrlabl>habitat</attrlabl><attrdef>the photointerpreted habitat (main SAV species) of the polygon</attrdef><attrdefs>dataset owner</attrdefs><attrdomv><udom>eelgrass = Zostera marina
widgeon grass = Ruppia spp</udom></attrdomv></attr><attr><attrlabl>g_truth_me</attrlabl><attrdef>Ground Truth Method.  The field method used to identify the habitat.  Boat observation means no underwater video was done.</attrdef><attrdefs>dataset owner</attrdefs><attrdomv><udom>self explanatory</udom></attrdomv></attr><attr><attrlabl>site</attrlabl><attrdef>geographic site name associated with the habitat</attrdef><attrdefs>dataset owner</attrdefs><attrdomv><udom>site name</udom></attrdomv></attr><attr><attrlabl>g_truth</attrlabl><attrdef>The most recent year the polygon was field visited.  N/A :  not available</attrdef><attrdefs>dataset owner</attrdefs><attrdomv><udom>The year of the most recent ground truth</udom></attrdomv></attr><attr><attrlabl>Shape_Leng</attrlabl></attr><attr><attrlabl>Shape_Area</attrlabl><attrdef>Area of feature in internal units squared.</attrdef><attrdefs>Esri</attrdefs><attrdomv><udom>Positive real numbers that are automatically generated.</udom></attrdomv></attr></detailed><overview><eaover>Polygons and field survey information for 2016 SAV in Rhode Island.</eaover></overview></eainfo><distinfo><distrib><cntinfo><cntorgp><cntorg>University of Rhode Island Environmental Data Center</cntorg><cntper>Greg Bonynge</cntper></cntorgp><cntaddr><addrtype>mailing and physical</addrtype><address>1 Greenhouse Road</address><city>Kingston</city><state>RI</state><postal>02881</postal></cntaddr><cntvoice>401-874-2180</cntvoice><cntemail>greg@edc.uri.edu</cntemail><cntinst>email preferred</cntinst></cntinfo></distrib><distliab>This dataset is provided 'as is.'  The producer(s) of this dataset, contributors to this dataset, the Rhode Island Geographic Information System (RIGIS) consortium, the State of Rhode Island, and the University of Rhode Island do not make any warranties of any kind for this dataset, and are not liable for any loss or damage however and whenever caused by any use of this dataset.</distliab><stdorder><digform><digtinfo><formname>Esri shapefile</formname><filedec>ZIP</filedec></digtinfo><digtopt><onlinopt><computer><networka><networkr>http://www.rigis.org</networkr></networka></computer></onlinopt></digtopt></digform><fees>No fee for downloading directly from the RIGIS Data Distribution System located at http://www.rigis.org.</fees></stdorder></distinfo><metainfo><metd>20170620</metd><metrd>20170630</metrd><metc><cntinfo><cntorgp><cntorg>University of Rhode Island - Environmental Data Center</cntorg><cntper>Michael Bradley</cntper></cntorgp><cntpos>Research Associate</cntpos><cntaddr><addrtype>mailing and physical</addrtype><address>103 Coastal Institute Kingston</address><city>Kingston</city><state>RI</state><postal>02881</postal><country>US</country></cntaddr><cntvoice>401-874-5054</cntvoice><cntemail>mike@edc.uri.edu</cntemail></cntinfo></metc><metstdn>FGDC Content Standard for Digital Geospatial Metadata</metstdn><metstdv>FGDC-STD-001-1998</metstdv><mettc>local time</mettc><metuc>These data are presented as is and it is up to the user of these data to understand the accuracy and associated error included herein. Additionally, these data should not replace field verification of SAV especially in permitting and complaince.</metuc></metainfo></metadata>