"","GISJOIN","County","State","Boyce_Tanks_Minority","Population","White","Povertyx2","Percent_Minority","X","Y"
"1","G0100110","Bullock County","Alabama",8,10248,2244,658,78,-85.7156651151295,32.1005751962232
"2","G0100470","Dallas County","Alabama",10,39149,10906,957,72,-87.1065228444586,32.325874507295
"3","G0100630","Greene County","Alabama",10,8324,1439,397,83,-87.9521912539369,32.8529730864604
"4","G0100650","Hale County","Alabama",3,14809,5854,587,60,-87.6291860299155,32.7624978485746
"5","G0100730","Jefferson County","Alabama",5,659680,341768,4043,48,-86.8966644393553,33.5542779591553
"6","G0100850","Lowndes County","Alabama",9,10079,2497,408,75,-86.6500922328431,32.1547021510288
"7","G0100870","Macon County","Alabama",10,18708,3000,557,84,-85.6926624047608,32.3859915506465
"8","G0100910","Marengo County","Alabama",2,19321,8840,884,54,-87.7896186329381,32.2474909655933
"9","G0100970","Mobile County","Alabama",2,414114,242715,4101,41,-88.2067726775869,30.7892051826205
"10","G0101010","Montgomery County","Alabama",10,226941,81265,2769,64,-86.2075392256888,32.2201533501776
"11","G0101050","Perry County","Alabama",10,9293,2737,717,71,-87.2945593144265,32.6383852832741
"12","G0101130","Russell County","Alabama",1,57952,28519,1480,51,-85.1849713583505,32.288346037721
"13","G0101190","Sumter County","Alabama",10,12797,3229,802,75,-88.1987009101272,32.5907572392972
"14","G0101310","Wilcox County","Alabama",7,10681,2915,461,73,-87.3080817839966,31.9893292369014
"15","G0200700","Dillingham Census Area","Alaska",10,4961,866,184,83,-158.248213029773,59.7929418407934
"16","G0201980","Prince of Wales-Hyder Census Area","Alaska",2,6407,3056,195,52,-132.991081107454,55.7947801510841
"17","G0400010","Apache County","Arizona",10,71511,16328,1337,77,-109.488413042642,35.3846644354355
"18","G0400170","Navajo County","Arizona",2,109270,51496,1546,53,-110.320397300199,35.3907310395539
"19","G0400230","Santa Cruz County","Arizona",10,46480,39840,1457,14,-110.846578941656,31.5260817018244
"20","G0400270","Yuma County","Arizona",5,209468,159864,2864,24,-113.905648808667,32.7690167282714
"21","G0500170","Chicot County","Arkansas",10,10615,4614,428,57,-91.293950671271,33.2670645632534
"22","G0500350","Crittenden County","Arkansas",8,48672,21168,1041,57,-90.3088833279752,35.2077202214304
"23","G0500390","Dallas County","Arkansas",2,7279,3888,368,47,-92.6544000548701,33.9698124214593
"24","G0500410","Desha County","Arkansas",1,11709,5710,521,51,-91.2541555909762,33.8331993466468
"25","G0500690","Jefferson County","Arkansas",10,69282,27475,1302,60,-91.9314400869207,34.26877057068
"26","G0500770","Lee County","Arkansas",2,9194,3949,436,57,-90.7820664818491,34.7806935142177
"27","G0501070","Phillips County","Arkansas",8,18606,6719,750,64,-90.8482103315925,34.4281463133332
"28","G0501190","Pulaski County","Arkansas",1,392967,219763,3883,44,-92.3117545389349,34.7699238740723
"29","G0501230","St. Francis County","Arkansas",3,25900,10630,868,59,-90.7478508704591,35.0221097825243
"30","G0600010","Alameda County","California",6,1656754,670364,5133,60,-121.88608175197,37.6463986423555
"31","G0600110","Colusa County","California",1,21454,18949,805,12,-122.23673277608,39.1775065331273
"32","G0600130","Contra Costa County","California",1,1142251,637904,6517,44,-121.925252673096,37.9172351469839
"33","G0600190","Fresno County","California",10,984521,639985,6705,35,-119.653426844291,36.7585309465557
"34","G0600250","Imperial County","California",10,180701,117658,3118,35,-115.365353065085,33.039926811941
"35","G0600290","Kern County","California",6,887641,660147,6222,26,-118.728908429053,35.3437623140846
"36","G0600310","Kings County","California",5,150691,102062,2550,32,-119.81586897132,36.0750970474119
"37","G0600370","Los Angeles County","California",10,10081570,5168443,22393,49,-118.224681885784,34.322256851833
"38","G0600390","Madera County","California",3,155433,108100,3005,30,-119.764740469579,37.2178246195615
"39","G0600470","Merced County","California",10,271382,149434,3987,45,-120.718432987043,37.1916854391259
"40","G0600530","Monterey County","California",7,433410,230992,3676,47,-121.236967361719,36.2168664812353
"41","G0600590","Orange County","California",2,3168044,1931263,11339,39,-117.760609081507,33.703101799955
"42","G0600650","Riverside County","California",3,2411439,1444654,11772,40,-115.993968216367,33.74663705222
"43","G0600670","Sacramento County","California",1,1524553,873905,7106,43,-121.344473367399,38.4490831395216
"44","G0600690","San Benito County","California",3,60376,49245,1560,18,-121.07407728821,36.6055273988393
"45","G0600710","San Bernardino County","California",10,2149031,1315238,10665,39,-116.176606262087,34.8420301668929
"46","G0600730","San Diego County","California",1,3316073,2345667,12176,29,-116.732606796921,33.035863430186
"47","G0600750","San Francisco County","California",2,874961,406056,4830,54,-122.442781889865,37.7557101023012
"48","G0600770","San Joaquin County","California",5,742603,419288,5553,44,-121.271623965621,37.9344177802735
"49","G0600810","San Mateo County","California",3,767423,388318,4166,49,-122.329036772087,37.4217155540867
"50","G0600850","Santa Clara County","California",5,1927470,857092,6124,56,-121.694343354937,37.2315076781498
"51","G0600950","Solano County","California",3,441829,232437,3506,47,-121.925200608734,38.2795242922848
"52","G0600990","Stanislaus County","California",2,543194,415911,5257,23,-120.998502269423,37.5589233366142
"53","G0601010","Sutter County","California",2,96109,66293,1848,31,-121.694534338807,39.0342745680662
"54","G0601070","Tulare County","California",10,461898,340462,4367,26,-118.800372220755,36.2200093583121
"55","G0601110","Ventura County","California",1,847263,678658,4846,20,-119.08336872843,34.4561798712057
"56","G0800010","Adams County","Colorado",1,504108,411153,4299,18,-104.337752822237,39.8741227403037
"57","G0800030","Alamosa County","Colorado",1,16107,13918,832,14,-105.788400683818,37.5728318441596
"58","G0800210","Conejos County","Colorado",2,8128,7216,359,11,-106.191479445713,37.2007884609601
"59","G0800230","Costilla County","Colorado",2,3745,3311,219,12,-105.42839144705,37.2776823830842
"60","G0801010","Pueblo County","Colorado",1,165982,133497,2303,20,-104.51277593097,38.1732175779024
"61","G0801050","Rio Grande County","Colorado",1,11305,10346,557,8,-106.383157530046,37.5825320540795
"62","G1100010","District of Columbia","District of Columbia",6,692683,285857,3733,59,-77.0146911042788,38.9100464630887
"63","G1200110","Broward County","Florida",3,1926205,1170083,10509,39,-80.4872462281123,26.1524871386425
"64","G1200390","Gadsden County","Florida",6,45945,18202,1328,60,-84.6135974066641,30.5795137096984
"65","G1200490","Hardee County","Florida",5,27131,21824,848,20,-81.8100083949347,27.4927459379
"66","G1200510","Hendry County","Florida",7,40732,32023,1536,21,-81.1657550000003,26.5535029819926
"67","G1200570","Hillsborough County","Florida",1,1422278,1002119,6933,30,-82.3071731854376,27.9303002434874
"68","G1200790","Madison County","Florida",1,18460,10713,800,42,-83.4701297890742,30.4441532909209
"69","G1200860","Miami-Dade County","Florida",10,2699428,2028500,11363,25,-80.568528941527,25.6143796558856
"70","G1200950","Orange County","Florida",2,1349746,857963,9936,36,-81.3232910822367,28.5145527514931
"71","G1200970","Osceola County","Florida",3,351955,256320,5493,27,-81.1491890404336,28.062537376498
"72","G1300090","Baldwin County","Georgia",1,45111,24245,1502,46,-83.2495712851027,33.06927314059
"73","G1300170","Ben Hill County","Georgia",1,17033,10163,710,40,-83.2203975780622,31.7598228461919
"74","G1300210","Bibb County","Georgia",10,153200,61569,2257,60,-83.6974015318695,32.8064965924703
"75","G1300270","Brooks County","Georgia",1,15590,9298,671,40,-83.5801987584924,30.8418912856346
"76","G1300330","Burke County","Georgia",2,22520,10988,800,51,-82.000826179314,33.0611874199047
"77","G1300370","Calhoun County","Georgia",6,6365,2163,277,66,-84.6244972738714,31.5292194955392
"78","G1300510","Chatham County","Georgia",3,288496,152025,3395,47,-81.1380896136936,32.0094692721598
"79","G1300610","Clay County","Georgia",4,2951,1056,209,64,-84.9800186581512,31.6262382031433
"80","G1300630","Clayton County","Georgia",10,283538,46348,4000,84,-84.3576512699978,33.5418552308363
"81","G1300710","Colquitt County","Georgia",1,45486,29029,1228,36,-83.7688664004369,31.1884071262082
"82","G1300810","Crisp County","Georgia",4,22713,11973,834,47,-83.7680842734636,31.9229283933097
"83","G1300890","DeKalb County","Georgia",9,749323,257388,5616,66,-84.2263774117537,33.7715035217003
"84","G1300930","Dooly County","Georgia",2,13736,6194,809,55,-83.798774229784,32.1571794927337
"85","G1300950","Dougherty County","Georgia",10,89703,23655,1433,74,-84.2162562420298,31.5334214787881
"86","G1300970","Douglas County","Georgia",2,143316,66197,2563,54,-84.768026416734,33.7018244315613
"87","G1300990","Early County","Georgia",2,10312,4670,338,55,-84.9037180985426,31.3228036549447
"88","G1301210","Fulton County","Georgia",4,1036200,462133,7554,55,-84.4676259839675,33.7899573293829
"89","G1301350","Gwinnett County","Georgia",3,915046,443421,6126,52,-84.023644679482,33.9616749027836
"90","G1301410","Hancock County","Georgia",5,8515,2080,633,76,-83.0007433474554,33.2703913318539
"91","G1301510","Henry County","Georgia",2,225356,107871,3213,52,-84.1541572365907,33.4529688795823
"92","G1301630","Jefferson County","Georgia",1,15618,6796,629,56,-82.4181814093268,33.0546926332533
"93","G1301790","Liberty County","Georgia",2,61349,28086,1598,54,-81.5026836152093,31.8327199933532
"94","G1301930","Macon County","Georgia",4,13305,4558,520,66,-84.0425224901071,32.3583631996621
"95","G1301970","Marion County","Georgia",2,8432,5191,453,38,-84.5246234494204,32.3532864461085
"96","G1301990","Meriwether County","Georgia",1,21106,12102,893,43,-84.6883108903648,33.0405791730642
"97","G1302050","Mitchell County","Georgia",2,22244,10929,780,51,-84.1944268599908,31.2253036873634
"98","G1302150","Muscogee County","Georgia",5,195739,84841,2581,57,-84.8770361586926,32.5099631583874
"99","G1302170","Newton County","Georgia",1,108079,54442,2527,50,-83.8501904627445,33.5550198483207
"100","G1302250","Peach County","Georgia",4,27145,13261,877,51,-83.8269046438426,32.5687817702541
"101","G1302390","Quitman County","Georgia",3,2289,865,255,62,-85.018788025059,31.8673178096099
"102","G1302430","Randolph County","Georgia",6,6973,2422,467,65,-84.7541862009094,31.762600044846
"103","G1302450","Richmond County","Georgia",5,201852,74934,2887,63,-82.0735509544275,33.3596291164058
"104","G1302470","Rockdale County","Georgia",4,89717,34832,2460,61,-84.0266542919256,33.654213127615
"105","G1302590","Stewart County","Georgia",9,6293,1483,293,76,-84.8352072650647,32.0784490194485
"106","G1302610","Sumter County","Georgia",2,30064,12836,899,57,-84.1970398868621,32.0399814653122
"107","G1302630","Talbot County","Georgia",5,6321,2606,307,59,-84.5330307176605,32.6994520731429
"108","G1302650","Taliaferro County","Georgia",10,1611,547,147,66,-82.8787689234354,33.5660765249267
"109","G1302730","Terrell County","Georgia",6,8737,3164,417,64,-84.4368910769763,31.7768440503319
"110","G1303010","Warren County","Georgia",1,5297,1986,254,63,-82.676714113028,33.408933149012
"111","G1303030","Washington County","Georgia",3,20436,8909,762,56,-82.7958683286658,32.9694975706899
"112","G1500010","Hawaii County","Hawaii",8,199459,66493,2919,67,-155.51831241624,19.5982542216267
"113","G1500030","Honolulu County","Hawaii",10,984821,206218,4156,79,-158.041386114837,21.4871816615285
"114","G1500050","Kalawao County","Hawaii",10,66,16,10,76,-156.947079565568,21.1703947517849
"115","G1500070","Kauai County","Hawaii",6,71769,23229,1220,68,-159.594282724633,22.0402863012878
"116","G1500090","Maui County","Hawaii",4,165979,58891,2382,65,-156.564255484351,20.86012029638
"117","G1600330","Clark County","Idaho",2,913,825,134,10,-112.352081272635,44.2839703205918
"118","G1700310","Cook County","Illinois",3,5198275,2946314,14909,43,-87.8161891441833,41.8396014706012
"119","G1800890","Lake County","Indiana",2,485707,300770,3409,38,-87.3821394208397,41.4163509129692
"120","G2000550","Finney County","Kansas",2,36750,29758,975,19,-100.737324422934,38.0442583024317
"121","G2000570","Ford County","Kansas",3,34179,30528,1253,11,-99.8879221604179,37.6916363452743
"122","G2001750","Seward County","Kansas",7,22349,13284,1073,41,-100.851287000287,37.1932055468716
"123","G2002090","Wyandotte County","Kansas",4,164861,96974,2027,41,-94.764467889075,39.114650207614
"124","G2200170","Caddo Parish","Louisiana",5,245831,113489,3318,54,-93.8822027844108,32.5797355292569
"125","G2200270","Claiborne Parish","Louisiana",1,15985,7279,559,54,-92.9957766804637,32.8226299467626
"126","G2200290","Concordia Parish","Louisiana",1,19778,11433,844,42,-91.6402101748176,31.4455515026273
"127","G2200330","East Baton Rouge Parish","Louisiana",4,443763,207835,3845,53,-91.0956135347517,30.5381614507531
"128","G2200350","East Carroll Parish","Louisiana",10,7096,2084,280,71,-91.2351238442546,32.7324160950706
"129","G2200470","Iberville Parish","Louisiana",1,32822,16282,1185,50,-91.3491220951402,30.2585014960948
"130","G2200610","Lincoln Parish","Louisiana",3,47246,25624,1338,46,-92.6648193501143,32.6016408226572
"131","G2200650","Madison Parish","Louisiana",10,11306,3995,343,65,-91.2425717626759,32.3644161787624
"132","G2200670","Morehouse Parish","Louisiana",1,25610,12664,894,51,-91.8018515090573,32.8201570119777
"133","G2200690","Natchitoches Parish","Louisiana",1,38769,20665,1099,47,-93.0961558695709,31.7232236874424
"134","G2200710","Orleans Parish","Louisiana",10,390845,132643,2752,66,-89.9162581846438,30.0284030196587
"135","G2200910","St. Helena Parish","Louisiana",1,10297,4709,631,54,-90.7103294599093,30.8219108175826
"136","G2200930","St. James Parish","Louisiana",3,21308,10366,727,51,-90.7963263036586,30.0262883361664
"137","G2200950","St. John the Baptist Parish","Louisiana",1,43242,16501,1348,62,-90.539140594979,30.0963329540611
"138","G2201070","Tensas Parish","Louisiana",4,4561,1979,196,57,-91.3402258275355,32.0015654695293
"139","G2201210","West Baton Rouge Parish","Louisiana",1,26101,15222,1016,42,-91.3127130340815,30.4633865459575
"140","G2400170","Charles County","Maryland",1,159428,70090,1983,56,-76.9900399329389,38.5074426028636
"141","G2400310","Montgomery County","Maryland",1,1043530,553846,5340,47,-77.2041481497389,39.13634207965
"142","G2400330","Prince George's County","Maryland",10,908670,150782,4861,83,-76.8442935589893,38.8321198717626
"143","G2405100","Baltimore city","Maryland",10,609032,185489,4149,70,-76.6160357798997,39.308447453292
"144","G2500250","Suffolk County","Massachusetts",1,796605,439961,4798,45,-71.0756380895423,42.3315876003475
"145","G2601630","Wayne County","Michigan",3,1757299,933616,7203,47,-83.2869135956794,42.2841765583241
"146","G2800010","Adams County","Mississippi",10,31266,12796,1000,59,-91.353617923125,31.4828678422299
"147","G2800110","Bolivar County","Mississippi",10,31848,10497,956,67,-90.8806099601505,33.7953346322306
"148","G2800210","Claiborne County","Mississippi",10,9089,1028,467,89,-90.9118503450311,31.9736896970158
"149","G2800250","Clay County","Mississippi",4,19640,7622,795,61,-88.781476203405,33.6557033674053
"150","G2800270","Coahoma County","Mississippi",10,23255,4860,642,79,-90.6027540347998,34.2290613617151
"151","G2800290","Copiah County","Mississippi",2,28501,12849,951,55,-90.4487884559409,31.869257333969
"152","G2800350","Forrest County","Mississippi",2,75224,44649,1662,41,-89.2577989656327,31.1886612982171
"153","G2800430","Grenada County","Mississippi",4,21088,11577,978,45,-89.8020401812425,33.7700476553475
"154","G2800490","Hinds County","Mississippi",10,238797,60513,2940,75,-90.4428997428935,32.2666442608831
"155","G2800510","Holmes County","Mississippi",10,17737,2749,520,85,-90.0920019452896,33.123495206637
"156","G2800530","Humphreys County","Mississippi",10,8389,1743,348,79,-90.5266471428373,33.1286214130855
"157","G2800550","Issaquena County","Mississippi",2,1361,514,114,62,-90.9890097863589,32.7411926098264
"158","G2800610","Jasper County","Mississippi",3,16505,7379,799,55,-89.1188660734026,32.0190373313103
"159","G2800630","Jefferson County","Mississippi",10,7225,959,522,87,-91.0371087578214,31.7342750700846
"160","G2800650","Jefferson Davis County","Mississippi",3,11339,4303,609,62,-89.8229413411828,31.5695850615921
"161","G2800690","Kemper County","Mississippi",4,9943,3433,494,65,-88.6411761890594,32.7545636266205
"162","G2800750","Lauderdale County","Mississippi",2,76279,41343,1863,46,-88.6625581985479,32.4042771845532
"163","G2800830","Leflore County","Mississippi",10,29222,7009,827,76,-90.3010944098078,33.5503536241571
"164","G2801030","Noxubee County","Mississippi",7,10700,2916,608,73,-88.569834426404,33.110087153258
"165","G2801070","Panola County","Mississippi",1,34190,16647,1341,51,-89.9505381035542,34.3638723736355
"166","G2801130","Pike County","Mississippi",3,39532,17315,994,56,-90.4041605002167,31.1748434008338
"167","G2801190","Quitman County","Mississippi",10,7187,1939,290,73,-90.2891420654789,34.2512890518204
"168","G2801250","Sharkey County","Mississippi",5,4404,1104,269,75,-90.8132782953654,32.8795828057158
"169","G2801330","Sunflower County","Mississippi",10,26168,6595,654,75,-90.5887550474693,33.6019126481381
"170","G2801350","Tallahatchie County","Mississippi",2,14158,5013,761,65,-90.1733461025428,33.9504578819044
"171","G2801430","Tunica County","Mississippi",10,9988,1911,588,81,-90.375539392321,34.6518370215986
"172","G2801490","Warren County","Mississippi",3,46519,22470,1406,52,-90.8521895906783,32.3571249481356
"173","G2801510","Washington County","Mississippi",10,46057,11807,1081,74,-90.9474378261838,33.2835393126118
"174","G2801570","Wilkinson County","Mississippi",3,8875,2475,427,72,-91.3109615142614,31.1610762422893
"175","G2801630","Yazoo County","Mississippi",5,28565,10533,1317,63,-90.3965958396628,32.7803410887487
"176","G2905100","St. Louis city","Missouri",2,308174,143401,2907,53,-90.2452562842529,38.6356962335554
"177","G3000030","Big Horn County","Montana",10,13387,4009,482,70,-107.489415259074,45.423003521442
"178","G3000050","Blaine County","Montana",1,6719,3026,237,55,-108.959553470844,48.4305736691313
"179","G3000350","Glacier County","Montana",10,13732,4381,563,68,-112.994281078548,48.7049991297613
"180","G3000850","Roosevelt County","Montana",10,11175,4029,413,64,-105.015889687866,48.295042852566
"181","G3000870","Rosebud County","Montana",4,9152,5218,337,43,-106.727902383323,46.2259689289288
"182","G3100430","Dakota County","Nebraska",1,20173,13877,970,31,-96.564489428853,42.3910718656953
"183","G3101730","Thurston County","Nebraska",8,7181,2753,155,62,-96.5440086193182,42.1581913896977
"184","G3200030","Clark County","Nevada",2,2182004,1312652,9242,40,-115.013664452051,36.2138734945696
"185","G3400110","Cumberland County","New Jersey",1,151906,103397,2252,32,-75.1105151341165,39.3730370533751
"186","G3400130","Essex County","New Jersey",10,795404,341516,5441,57,-74.2483312250448,40.7882004865013
"187","G3400170","Hudson County","New Jersey",9,670046,366901,5017,45,-74.0776404543739,40.7415485408518
"188","G3400210","Mercer County","New Jersey",1,367922,231533,3200,37,-74.7016828195439,40.2834164743132
"189","G3400230","Middlesex County","New Jersey",1,825920,478174,4449,42,-74.4128878094501,40.438481986434
"190","G3400310","Passaic County","New Jersey",5,503637,322127,3675,36,-74.3005925047417,41.0342017628109
"191","G3400390","Union County","New Jersey",3,554033,304231,4625,45,-74.3102150380355,40.660102057144
"192","G3500010","Bernalillo County","New Mexico",2,677858,503337,5318,26,-106.670105990105,35.0515399933919
"193","G3500050","Chaves County","New Mexico",3,65144,57038,1741,12,-104.468936418623,33.3625505217327
"194","G3500060","Cibola County","New Mexico",10,26891,12932,1098,52,-108.000379540292,34.9131657094824
"195","G3500070","Colfax County","New Mexico",3,12168,10394,412,15,-104.646881796395,36.6061246594064
"196","G3500090","Curry County","New Mexico",3,49732,33022,1330,34,-103.347290856704,34.5740299825009
"197","G3500130","Doña Ana County","New Mexico",10,216069,188300,3467,13,-106.83320695405,32.3519881467181
"198","G3500150","Eddy County","New Mexico",2,57732,52019,1759,10,-104.304350303018,32.4711217489355
"199","G3500170","Grant County","New Mexico",2,27669,25630,1147,7,-108.382204100507,32.7382906813955
"200","G3500190","Guadalupe County","New Mexico",10,4353,3395,308,22,-104.79128182824,34.8632287192434
"201","G3500230","Hidalgo County","New Mexico",10,4297,4031,231,6,-108.714208126312,31.9129164986677
"202","G3500250","Lea County","New Mexico",4,70277,62117,1775,12,-103.412456023575,32.790300696266
"203","G3500290","Luna County","New Mexico",9,24083,22231,931,8,-107.749856716404,32.1820007149375
"204","G3500310","McKinley County","New Mexico",10,72438,10426,1554,86,-108.262762640515,35.5809479117828
"205","G3500370","Quay County","New Mexico",1,8326,7373,446,11,-103.551125025259,35.1038947834322
"206","G3500390","Rio Arriba County","New Mexico",10,39159,20775,1234,47,-106.692161237633,36.509612605308
"207","G3500410","Roosevelt County","New Mexico",1,18888,14255,842,25,-103.47934876681,34.0208181830098
"208","G3500430","Sandoval County","New Mexico",1,142704,102859,2020,28,-106.864990483546,35.6881536952018
"209","G3500450","San Juan County","New Mexico",3,126515,66160,2452,48,-108.320758916322,36.5081967739642
"210","G3500470","San Miguel County","New Mexico",10,27738,16882,1048,39,-104.815885507928,35.4815962869896
"211","G3500490","Santa Fe County","New Mexico",2,149293,125090,1967,16,-105.976330969219,35.5061587454508
"212","G3500530","Socorro County","New Mexico",4,16858,13439,835,20,-106.930114251277,34.0072291477717
"213","G3500550","Taos County","New Mexico",5,32786,27682,1348,16,-105.631088360755,36.5774700329343
"214","G3500610","Valencia County","New Mexico",5,76027,63117,1657,17,-106.808886578464,34.715526662326
"215","G3600050","Bronx County","New York",10,1435068,315533,8099,78,-73.8668858032042,40.8526037672432
"216","G3600470","Kings County","New York",4,2589974,1132426,9581,56,-73.9478716405139,40.6450137022307
"217","G3600810","Queens County","New York",10,2287388,875191,9965,62,-73.8185913426601,40.7074153218024
"218","G3700070","Anson County","North Carolina",2,24902,11892,880,52,-80.1026751309513,34.973742952963
"219","G3700150","Bertie County","North Carolina",3,19380,6830,730,65,-76.9791813687567,36.0662902432673
"220","G3700510","Cumberland County","North Carolina",3,332861,166394,2927,50,-78.827476185319,35.0485401315157
"221","G3700610","Duplin County","North Carolina",1,58967,42010,1474,29,-77.9329729918853,34.9364224789679
"222","G3700630","Durham County","North Carolina",2,311848,161919,3075,48,-78.8765981986229,36.0359271241533
"223","G3700650","Edgecombe County","North Carolina",10,52648,20721,1282,61,-77.5970456557614,35.9128087542708
"224","G3700790","Greene County","North Carolina",2,21033,12519,643,40,-77.6757381607707,35.4849728261345
"225","G3700810","Guilford County","North Carolina",1,527868,291462,4416,45,-79.7888915156389,36.0794434453876
"226","G3700830","Halifax County","North Carolina",4,51190,20721,1139,60,-77.6514466202029,36.257420762106
"227","G3700910","Hertford County","North Carolina",5,24012,8422,777,65,-76.9822957696322,36.3591464339405
"228","G3700930","Hoke County","North Carolina",2,53957,23935,1359,56,-79.237279095587,35.0174654422115
"229","G3701070","Lenoir County","North Carolina",2,56756,31205,1560,45,-77.6413153367991,35.238718521569
"230","G3701190","Mecklenburg County","North Carolina",1,1074475,577943,6025,46,-80.8327107133445,35.2466421669592
"231","G3701270","Nash County","North Carolina",1,94030,48968,2020,48,-77.9866450858277,35.9671672875356
"232","G3701310","Northampton County","North Carolina",3,19946,7900,736,60,-77.3966791593325,36.417751366593
"233","G3701550","Robeson County","North Carolina",10,132596,37096,1649,72,-79.1038733387125,34.6401118402359
"234","G3701650","Scotland County","North Carolina",1,35076,15317,839,56,-79.4804364500593,34.8408073929089
"235","G3701810","Vance County","North Carolina",10,44479,18961,1057,57,-78.4079493975964,36.3648149833979
"236","G3701850","Warren County","North Carolina",2,19898,7900,682,60,-78.1067097588845,36.3964597022887
"237","G3701950","Wilson County","North Carolina",2,81435,41323,1524,49,-77.9186937712364,35.7051543964829
"238","G3800050","Benson County","North Dakota",1,6873,2793,193,59,-99.3652957536503,48.0692657228027
"239","G3800790","Rolette County","North Dakota",10,14511,2640,584,82,-99.8408833008253,48.7722149951502
"240","G3800850","Sioux County","North Dakota",10,4373,581,179,87,-101.041104229627,46.1128229404423
"241","G4000010","Adair County","Oklahoma",1,22220,9360,517,58,-94.6587061839671,35.8837071085138
"242","G4000210","Cherokee County","Oklahoma",1,48664,24777,979,49,-94.999674638292,35.9064878609403
"243","G4001390","Texas County","Oklahoma",1,20805,13182,754,37,-101.490114429132,36.7480479883974
"244","G4201010","Philadelphia County","Pennsylvania",10,1579075,642060,7898,59,-75.1335054919296,40.0089859436466
"245","G4500050","Allendale County","South Carolina",10,9024,2108,432,77,-81.3581830909526,32.9880689924705
"246","G4500090","Bamberg County","South Carolina",4,14376,5237,698,64,-81.0541737265943,33.214736505538
"247","G4500270","Clarendon County","South Carolina",1,33957,16729,789,51,-80.2166326439717,33.6657461627954
"248","G4500310","Darlington County","South Carolina",1,67027,37941,1645,43,-79.9577870011676,34.3324824602681
"249","G4500330","Dillon County","South Carolina",2,30689,14340,915,53,-79.3788451369705,34.391574411889
"250","G4500390","Fairfield County","South Carolina",2,22565,8825,1011,61,-81.1211714608454,34.3951257960245
"251","G4500410","Florence County","South Carolina",2,138475,74278,2211,46,-79.7028289833106,34.0243973030911
"252","G4500490","Hampton County","South Carolina",1,19564,8227,650,58,-81.1408071888737,32.7762546932833
"253","G4500530","Jasper County","South Carolina",8,28657,15011,1143,48,-81.0339005302916,32.4380162970446
"254","G4500610","Lee County","South Carolina",3,17365,5721,627,67,-80.2544368642882,34.1632406225646
"255","G4500650","McCormick County","South Carolina",1,9531,4908,319,49,-82.3096706635136,33.8994914885434
"256","G4500670","Marion County","South Carolina",2,31308,12414,1176,60,-79.3624654403053,34.0798592747959
"257","G4500690","Marlboro County","South Carolina",4,26753,11108,931,58,-79.6786057644554,34.6019395419176
"258","G4500750","Orangeburg County","South Carolina",4,87687,30474,2143,65,-80.7999476817536,33.4391956974979
"259","G4500790","Richland County","South Carolina",3,411357,184514,4340,55,-80.9027587871274,34.0217902376763
"260","G4500850","Sumter County","South Carolina",3,106757,50412,1852,53,-80.3823857830508,33.9161847781131
"261","G4500890","Williamsburg County","South Carolina",7,31324,9957,849,68,-79.7277652482296,33.6198796620055
"262","G4600070","Bennett County","South Dakota",5,3425,1151,252,66,-101.663966992463,43.1949433610107
"263","G4600170","Buffalo County","South Dakota",10,2026,282,108,86,-99.2048693722629,44.0763616400062
"264","G4600310","Corson County","South Dakota",4,4150,1202,101,71,-101.196874146669,45.7090546408674
"265","G4600410","Dewey County","South Dakota",6,5833,1161,193,80,-100.87171410775,45.1563172927637
"266","G4600710","Jackson County","South Dakota",2,3290,1282,258,61,-101.628426293869,43.6939447090152
"267","G4600950","Mellette County","South Dakota",2,2052,795,124,61,-100.759802427199,43.5813464560279
"268","G4601020","Oglala Lakota County","South Dakota",10,14335,737,598,95,-102.551611127061,43.3351676135541
"269","G4601210","Todd County","South Dakota",10,10195,849,325,92,-100.718427964061,43.1934852376553
"270","G4601370","Ziebach County","South Dakota",7,2791,657,105,76,-101.665542483508,44.9794110898088
"271","G4700750","Haywood County","Tennessee",2,17623,8243,664,53,-89.283821250777,35.5831446151791
"272","G4701130","Madison County","Tennessee",1,97625,56534,1598,42,-88.8385696880509,35.608097416737
"273","G4701570","Shelby County","Tennessee",10,936374,366180,5381,61,-89.8956787440176,35.183934747688
"274","G4800030","Andrews County","Texas",5,18036,16108,873,11,-102.637815200361,32.30514615371
"275","G4800050","Angelina County","Texas",1,87322,69651,1770,20,-94.6115434436427,31.2547956688865
"276","G4800130","Atascosa County","Texas",4,49528,45761,1356,8,-98.5269703789961,28.8934835742364
"277","G4800170","Bailey County","Texas",10,7100,5949,528,16,-102.829915170496,34.0683754687546
"278","G4800250","Bee County","Texas",8,32611,28172,1182,14,-97.7409171415641,28.4173404175245
"279","G4800270","Bell County","Texas",1,348574,220872,4155,37,-97.4782140177297,31.0377061477773
"280","G4800290","Bexar County","Texas",10,1952843,1549704,9187,21,-98.5199564207918,29.4488786610356
"281","G4800430","Brewster County","Texas",3,9231,8352,472,10,-103.251691308956,29.8111292744113
"282","G4800470","Brooks County","Texas",10,7141,6450,499,10,-98.2186733792107,27.0315184680965
"283","G4800550","Caldwell County","Texas",2,42144,34069,1375,19,-97.6199453196711,29.8371071028556
"284","G4800570","Calhoun County","Texas",2,21668,18645,845,14,-96.6469530838568,28.487791760081
"285","G4800610","Cameron County","Texas",10,421666,397718,4812,6,-97.5333478457382,26.1293012049274
"286","G4800690","Castro County","Texas",4,7673,6972,539,9,-102.261670912279,34.5298815642396
"287","G4800750","Childress County","Texas",1,7253,6189,594,15,-100.207573494793,34.5290869282406
"288","G4800790","Cochran County","Texas",8,2887,2565,192,11,-102.828430528801,33.6040451035017
"289","G4800950","Concho County","Texas",1,3266,3157,204,3,-99.8639331184683,31.3264077858754
"290","G4801030","Crane County","Texas",10,4802,2543,345,47,-102.515431937071,31.4283945076811
"291","G4801050","Crockett County","Texas",10,3484,1494,405,57,-101.411694875647,30.7228445843756
"292","G4801070","Crosby County","Texas",3,5836,5148,306,12,-101.299957160799,33.6145536360386
"293","G4801090","Culberson County","Texas",10,2214,1733,316,22,-104.517783991247,31.4462797954931
"294","G4801110","Dallam County","Texas",2,7304,6550,588,10,-102.602185411732,36.2779546257578
"295","G4801130","Dallas County","Texas",8,2606868,1597069,10754,39,-96.7778772794699,32.766562513265
"296","G4801150","Dawson County","Texas",8,12813,9638,576,25,-101.947683334619,32.7424613242045
"297","G4801170","Deaf Smith County","Texas",10,18736,16799,636,10,-102.604926720302,34.9661072014903
"298","G4801270","Dimmit County","Texas",10,10438,9366,745,10,-99.7567246627322,28.4226068527761
"299","G4801310","Duval County","Texas",10,11268,10705,662,5,-98.5088346428693,27.6810958951111
"300","G4801350","Ector County","Texas",3,160579,129198,2890,20,-102.542749275166,31.8691155429478
"301","G4801370","Edwards County","Texas",4,1918,1912,269,0,-100.304980321785,29.9825637071852
"302","G4801410","El Paso County","Texas",10,836062,666059,7578,20,-106.234515971652,31.768504548992
"303","G4801450","Falls County","Texas",1,17272,12433,620,28,-96.9359464750984,31.2532593773804
"304","G4801530","Floyd County","Texas",3,5803,5375,294,7,-101.303235368335,34.0723125955529
"305","G4801570","Fort Bend County","Texas",8,765394,395904,6792,48,-95.7708408773716,29.5274788832439
"306","G4801630","Frio County","Texas",10,19871,16342,1092,18,-99.1082661428962,28.867825347769
"307","G4801650","Gaines County","Texas",4,20706,19578,1491,5,-102.635171619489,32.7408366849889
"308","G4801690","Garza County","Texas",1,6070,5120,327,16,-101.298429283866,33.1798102164163
"309","G4801770","Gonzales County","Texas",2,20731,13784,706,34,-97.4927801531637,29.4566680294337
"310","G4801890","Hale County","Texas",5,33826,29018,922,14,-101.826881156503,34.0703959004325
"311","G4801950","Hansford County","Texas",1,5520,5055,430,8,-101.354539196751,36.2773539406918
"312","G4802010","Harris County","Texas",10,4646630,2905947,19108,37,-95.3953418430997,29.8586053471716
"313","G4802150","Hidalgo County","Texas",10,855176,737739,7791,14,-98.1810141454963,26.396608254227
"314","G4802190","Hockley County","Texas",1,23064,20383,807,12,-102.343184153411,33.607572647729
"315","G4802270","Howard County","Texas",1,36349,30306,1138,17,-101.435511865888,32.3061073750294
"316","G4802290","Hudspeth County","Texas",10,4415,2974,320,33,-105.38572256687,31.4554664414451
"317","G4802430","Jeff Davis County","Texas",1,2241,2167,265,3,-104.139956934142,30.7157543638569
"318","G4802450","Jefferson County","Texas",4,254340,148331,2478,42,-94.1715896749086,29.8841292543809
"319","G4802470","Jim Hogg County","Texas",10,5231,5165,548,1,-98.6972829923993,27.0433190758094
"320","G4802490","Jim Wells County","Texas",10,40972,39004,1737,5,-98.0900770682174,27.7309955415153
"321","G4802550","Karnes County","Texas",10,15545,11825,552,24,-97.8594722358236,28.9056871867359
"322","G4802610","Kenedy County","Texas",10,568,567,168,0,-97.718001914239,26.9287411289161
"323","G4802710","Kinney County","Texas",10,3659,3521,345,4,-100.417975586353,29.3501523865643
"324","G4802730","Kleberg County","Texas",10,30974,27421,1032,11,-97.7315414768987,27.4334492463172
"325","G4802790","Lamb County","Texas",2,13123,11819,526,10,-102.351708029227,34.068505382608
"326","G4802830","La Salle County","Texas",10,7416,6454,713,13,-99.099677700159,28.3449691760714
"327","G4803050","Lynn County","Texas",5,5830,5199,307,11,-101.816128056903,33.1767601654162
"328","G4803110","McMullen County","Texas",1,774,765,141,1,-98.5678414449682,28.3525426081715
"329","G4803170","Martin County","Texas",10,5649,4479,381,21,-101.95122097401,32.3059705921778
"330","G4803210","Matagorda County","Texas",3,36774,25145,1409,32,-95.9859277388323,28.8664476071796
"331","G4803230","Maverick County","Texas",10,58174,54104,2128,7,-100.314204106472,28.7422291939839
"332","G4803290","Midland County","Texas",1,168167,138180,3041,18,-102.031609256734,31.8691031823961
"333","G4803350","Mitchell County","Texas",2,8523,6824,543,20,-100.921232415332,32.3061488895877
"334","G4803410","Moore County","Texas",4,21399,16420,1054,23,-101.892922543331,35.8376000623149
"335","G4803490","Navarro County","Texas",1,48995,36379,1350,26,-96.4726075581816,32.046950173753
"336","G4803530","Nolan County","Texas",1,14904,13090,691,12,-100.406053750703,32.3034255392374
"337","G4803550","Nueces County","Texas",10,361540,325660,3794,10,-97.6250600201477,27.7244086190309
"338","G4803570","Ochiltree County","Texas",1,10131,8884,677,12,-100.81565357805,36.2783153640726
"339","G4803690","Parmer County","Texas",10,9718,8409,542,13,-102.784539220803,34.5300329240236
"340","G4803710","Pecos County","Texas",10,15815,13059,1046,17,-102.72339285508,30.7810727285297
"341","G4803750","Potter County","Texas",2,119674,93546,1801,22,-101.894006828442,35.4011929814266
"342","G4803770","Presidio County","Texas",10,6975,6561,483,6,-104.239599772284,29.9992261524536
"343","G4803830","Reagan County","Texas",10,3766,1719,313,54,-101.523012399902,31.3660295147188
"344","G4803890","Reeves County","Texas",10,15492,12014,692,22,-103.692699392769,31.3228126243104
"345","G4803910","Refugio County","Texas",3,7145,5766,364,19,-97.1658408594665,28.3268511852091
"346","G4804090","San Patricio County","Texas",9,67008,61845,1482,8,-97.5183828623979,28.0095042383766
"347","G4804130","Schleicher County","Texas",1,2983,1853,220,38,-100.538554011976,30.8976106135604
"348","G4804150","Scurry County","Texas",1,17096,14721,696,14,-100.916405871493,32.7462482992801
"349","G4804210","Sherman County","Texas",1,3059,2702,191,12,-101.893466310246,36.2775663792874
"350","G4804270","Starr County","Texas",10,64078,61060,2002,5,-98.7384636544004,26.5622055582874
"351","G4804350","Sutton County","Texas",6,3824,2395,262,37,-100.538193433219,30.4984304722395
"352","G4804370","Swisher County","Texas",2,7432,6222,439,16,-101.73502584698,34.5303070622415
"353","G4804390","Tarrant County","Texas",1,2049770,1374182,8793,33,-97.2912391563437,32.7714885517906
"354","G4804430","Terrell County","Texas",5,896,592,172,34,-102.076673010228,30.2247000807892
"355","G4804450","Terry County","Texas",6,12528,11418,771,9,-102.335197508203,33.1737496804634
"356","G4804490","Titus County","Texas",1,32640,22968,1080,30,-94.965655764868,33.2165342681337
"357","G4804510","Tom Green County","Texas",1,117986,102396,2221,13,-100.461821018247,31.4043175323313
"358","G4804610","Upton County","Texas",1,3659,1648,224,55,-102.043021517377,31.3685831956261
"359","G4804630","Uvalde County","Texas",10,26920,25125,1199,7,-99.762211884225,29.3573223364794
"360","G4804650","Val Verde County","Texas",10,48969,45407,1629,7,-101.151108638286,29.8928093977666
"361","G4804690","Victoria County","Texas",2,92109,80546,1757,13,-96.9717869750438,28.7963476000911
"362","G4804730","Waller County","Texas",2,51832,30096,1348,42,-95.9876422609248,30.0106538149915
"363","G4804750","Ward County","Texas",3,11658,10052,590,14,-103.102298803674,31.5095959986769
"364","G4804790","Webb County","Texas",10,273526,262244,3659,4,-99.3307128020692,27.7610775660684
"365","G4804810","Wharton County","Texas",1,41577,33504,1159,19,-96.2222134787835,29.2778066403036
"366","G4804890","Willacy County","Texas",10,21588,20975,807,3,-97.6742404056056,26.4704617589186
"367","G4804950","Winkler County","Texas",8,7867,6909,527,12,-103.048234222334,31.8500134834191
"368","G4805010","Yoakum County","Texas",10,8631,8311,757,4,-102.827799679494,33.1728932386908
"369","G4805050","Zapata County","Texas",10,14304,13405,919,6,-99.1684823655987,27.0006338802811
"370","G4805070","Zavala County","Texas",10,12039,11469,818,5,-99.7605930451411,28.8662667673732
"371","G4900370","San Juan County","Utah",10,15302,7422,519,51,-109.80682984719,37.6246079965193
"372","G5100360","Charles City County","Virginia",2,7014,3066,257,56,-77.0644336971779,37.3582072009919
"373","G5100810","Greensville County","Virginia",2,11525,4350,461,62,-77.5595685983792,36.6757744407729
"374","G5101530","Prince William County","Virginia",2,461423,261230,3501,43,-77.4816381947448,38.70362052399
"375","G5101830","Sussex County","Virginia",2,11377,4535,385,60,-77.2619809157615,36.9217502876412
"376","G5105900","Danville city","Virginia",3,41070,18687,1001,54,-79.4088038795568,36.583193376987
"377","G5105950","Emporia city","Virginia",10,5442,1525,498,72,-77.5356112981653,36.6953292159272
"378","G5106200","Franklin city","Virginia",9,8147,3003,566,63,-76.9385825126032,36.6830896225525
"379","G5106500","Hampton city","Virginia",4,135041,55513,2101,59,-76.3673549030318,37.0534861923919
"380","G5106830","Manassas city","Virginia",1,41174,27233,1162,34,-77.4838126036175,38.7478795316397
"381","G5106850","Manassas Park city","Virginia",6,16986,10576,828,38,-77.4450282220201,38.7718774187981
"382","G5106900","Martinsville city","Virginia",3,12852,6175,574,52,-79.8636290127725,36.6826563228585
"383","G5107000","Newport News city","Virginia",3,179673,86132,2447,52,-76.5179356675605,37.1047386133686
"384","G5107100","Norfolk city","Virginia",2,244601,114890,2341,53,-76.2559152160056,36.8939773898146
"385","G5107300","Petersburg city","Virginia",10,31362,5473,913,83,-77.3913373718056,37.2042651663079
"386","G5107400","Portsmouth city","Virginia",5,95097,37831,1796,60,-76.3554799881067,36.8452489139465
"387","G5107600","Richmond city","Virginia",6,226622,103054,2332,55,-77.475582090431,37.529434063726
"388","G5300010","Adams County","Washington",10,19594,12761,680,35,-118.561126039733,46.9833311019991
"389","G5300210","Franklin County","Washington",2,92009,64838,2406,30,-118.899213941445,46.5346178759286
"390","G5300770","Yakima County","Washington",1,249697,192911,2472,23,-120.737661385436,46.4565117651751
"391","G5500780","Menominee County","Wisconsin",10,4558,496,274,89,-88.7099242722296,45.0043513165868
"392","G5500790","Milwaukee County","Wisconsin",1,951226,562729,5576,41,-87.9666819079275,43.0069469996065
"393","G7200010","Adjuntas Municipio","Puerto Rico",10,17891,13128,557,27,-66.7539504217405,18.179739614319
"394","G7200030","Aguada Municipio","Puerto Rico",10,37954,32382,1057,15,-67.1748191189199,18.3603150501517
"395","G7200050","Aguadilla Municipio","Puerto Rico",10,52803,42137,1163,20,-67.1206991330605,18.4596980401525
"396","G7200070","Aguas Buenas Municipio","Puerto Rico",10,25748,14050,875,45,-66.1273481377061,18.2510770069132
"397","G7200090","Aibonito Municipio","Puerto Rico",10,22988,17250,771,25,-66.2643797210299,18.1311338241269
"398","G7200110","Añasco Municipio","Puerto Rico",10,26934,22150,990,18,-67.120419871567,18.2880708908368
"399","G7200130","Arecibo Municipio","Puerto Rico",10,85390,66905,1384,22,-66.67517811848,18.406783916206
"400","G7200150","Arroyo Municipio","Puerto Rico",10,17805,11406,675,36,-66.0563918924489,17.998286630133
"401","G7200170","Barceloneta Municipio","Puerto Rico",10,24079,19688,1057,18,-66.5604213984786,18.4454057153604
"402","G7200190","Barranquitas Municipio","Puerto Rico",10,28393,24365,977,14,-66.3098729508907,18.2017090401834
"403","G7200210","Bayamón Municipio","Puerto Rico",10,178192,122650,2060,31,-66.1683410966956,18.3496327412589
"404","G7200230","Cabo Rojo Municipio","Puerto Rico",10,48487,11020,1347,77,-67.1542516996257,18.0417249899098
"405","G7200250","Caguas Municipio","Puerto Rico",10,128937,98380,2176,24,-66.050767647716,18.2119108717179
"406","G7200270","Camuy Municipio","Puerto Rico",10,31598,27201,1008,14,-66.8602984251291,18.4188485035062
"407","G7200290","Canóvanas Municipio","Puerto Rico",10,45588,21976,1290,52,-65.8878815193668,18.3289875768926
"408","G7200310","Carolina Municipio","Puerto Rico",10,153779,82892,2191,46,-65.9568658080303,18.375017030944
"409","G7200330","Cataño Municipio","Puerto Rico",10,24271,16520,593,32,-66.143952163941,18.4375728852218
"410","G7200350","Cayey Municipio","Puerto Rico",10,43785,27571,1268,37,-66.1495077560667,18.1029306116781
"411","G7200370","Ceiba Municipio","Puerto Rico",10,11515,7046,382,39,-65.6675483539283,18.2525243172865
"412","G7200390","Ciales Municipio","Puerto Rico",10,16513,15416,554,7,-66.5164451098347,18.2890163212315
"413","G7200410","Cidra Municipio","Puerto Rico",10,39607,28632,924,28,-66.1609287250396,18.1737134070395
"414","G7200430","Coamo Municipio","Puerto Rico",10,38906,25866,1159,34,-66.360165586819,18.0973085504113
"415","G7200450","Comerío Municipio","Puerto Rico",10,19224,15803,653,18,-66.2218211425048,18.2247441606319
"416","G7200470","Corozal Municipio","Puerto Rico",10,33500,27122,1181,19,-66.3278991643825,18.3043192472349
"417","G7200490","Culebra Municipio","Puerto Rico",10,1311,710,100,46,-65.2878063186156,18.3158867925669
"418","G7200510","Dorado Municipio","Puerto Rico",10,36803,28643,1535,22,-66.2783220170465,18.4367569916613
"419","G7200530","Fajardo Municipio","Puerto Rico",10,31111,17461,929,44,-65.6686225454576,18.3174481554503
"420","G7200540","Florida Municipio","Puerto Rico",10,11697,9778,475,16,-66.5602146148725,18.373443823547
"421","G7200550","Guánica Municipio","Puerto Rico",10,16293,9325,388,43,-66.9197312472746,17.9827510396016
"422","G7200570","Guayama Municipio","Puerto Rico",10,40889,29882,1313,27,-66.1335919873826,18.0076835433621
"423","G7200590","Guayanilla Municipio","Puerto Rico",10,18514,14531,556,22,-66.7917229250363,18.0405794144247
"424","G7200610","Guaynabo Municipio","Puerto Rico",10,86937,65520,2095,25,-66.1140708012462,18.3434080272281
"425","G7200630","Gurabo Municipio","Puerto Rico",10,46910,30705,1994,35,-65.979268669957,18.2664123408177
"426","G7200650","Hatillo Municipio","Puerto Rico",10,39950,38979,1298,2,-66.7964344136035,18.4105968876726
"427","G7200670","Hormigueros Municipio","Puerto Rico",10,15943,4095,648,74,-67.1140205506138,18.1341816621025
"428","G7200690","Humacao Municipio","Puerto Rico",10,52507,28090,1408,47,-65.8104706101944,18.1452716214208
"429","G7200710","Isabela Municipio","Puerto Rico",10,41707,27363,936,34,-67.0052064648769,18.4499931486978
"430","G7200730","Jayuya Municipio","Puerto Rico",10,14539,8421,639,42,-66.5884482165799,18.2106463300139
"431","G7200750","Juana Díaz Municipio","Puerto Rico",10,46152,20820,1187,55,-66.4950946998812,18.0508384856949
"432","G7200770","Juncos Municipio","Puerto Rico",10,38780,19060,1247,51,-65.9089001175741,18.2235178843017
"433","G7200790","Lajas Municipio","Puerto Rico",10,22835,5643,560,75,-67.0404329778598,18.0123071882068
"434","G7200810","Lares Municipio","Puerto Rico",10,25696,18200,751,29,-66.8667791675547,18.2686714021416
"435","G7200830","Las Marías Municipio","Puerto Rico",10,8370,3984,469,52,-66.9834096046607,18.2370988277688
"436","G7200850","Las Piedras Municipio","Puerto Rico",10,37499,7645,1158,80,-65.8693304561306,18.1875254842287
"437","G7200870","Loíza Municipio","Puerto Rico",10,25778,6252,738,76,-65.898976135347,18.4257594147269
"438","G7200890","Luquillo Municipio","Puerto Rico",10,18224,10988,693,40,-65.7250397903005,18.3422694346318
"439","G7200910","Manatí Municipio","Puerto Rico",10,38836,32326,1174,17,-66.4902272517891,18.4204039955017
"440","G7200930","Maricao Municipio","Puerto Rico",10,6075,2699,169,56,-66.9422799450459,18.1721064702763
"441","G7200950","Maunabo Municipio","Puerto Rico",10,10776,1351,508,87,-65.9220101927615,18.0179276125635
"442","G7200970","Mayagüez Municipio","Puerto Rico",10,75232,20489,1183,73,-67.3334511155776,18.1762770208593
"443","G7200990","Moca Municipio","Puerto Rico",10,36161,29787,1266,18,-67.0807637126546,18.3779429950709
"444","G7201010","Morovis Municipio","Puerto Rico",10,30962,27244,968,12,-66.4202931535334,18.3170843861535
"445","G7201030","Naguabo Municipio","Puerto Rico",10,26075,18094,922,31,-65.7541762635185,18.2306578169074
"446","G7201050","Naranjito Municipio","Puerto Rico",10,28112,23888,1266,15,-66.2525542473623,18.2884188903883
"447","G7201070","Orocovis Municipio","Puerto Rico",10,20982,16957,547,19,-66.4339945418273,18.2149135882457
"448","G7201090","Patillas Municipio","Puerto Rico",10,16929,2346,617,86,-66.0123919429154,18.031841222469
"449","G7201110","Peñuelas Municipio","Puerto Rico",10,20383,14556,630,29,-66.7212194449216,18.0608384042596
"450","G7201130","Ponce Municipio","Puerto Rico",10,139671,108236,1845,23,-66.6140838915746,18.0596566358885
"451","G7201150","Quebradillas Municipio","Puerto Rico",10,23629,20429,820,14,-66.9260200342187,18.4396291764221
"452","G7201170","Rincón Municipio","Puerto Rico",10,14056,12075,634,14,-67.2315093446249,18.3353841901118
"453","G7201190","Río Grande Municipio","Puerto Rico",10,49613,25770,1345,48,-65.8137211558,18.3463202191454
"454","G7201210","Sabana Grande Municipio","Puerto Rico",10,22560,15875,804,30,-66.9433090232865,18.0836323372989
"455","G7201230","Salinas Municipio","Puerto Rico",10,28109,16127,850,43,-66.2563481970967,18.0114305590894
"456","G7201250","San Germán Municipio","Puerto Rico",10,31442,18046,690,43,-67.0384198116218,18.1111184420437
"457","G7201270","San Juan Municipio","Puerto Rico",10,335468,219146,3027,35,-66.0606152067064,18.3866014746611
"458","G7201290","San Lorenzo Municipio","Puerto Rico",10,37209,23337,1102,37,-65.9764576977326,18.1479972394877
"459","G7201310","San Sebastián Municipio","Puerto Rico",10,37120,24289,1002,35,-66.9712160188444,18.3287311897986
"460","G7201330","Santa Isabel Municipio","Puerto Rico",10,21757,12622,1044,42,-66.3888251425456,17.9950167136364
"461","G7201350","Toa Alta Municipio","Puerto Rico",10,72864,60238,1882,17,-66.2464225245806,18.3625505483911
"462","G7201370","Toa Baja Municipio","Puerto Rico",10,77810,56358,1509,28,-66.2143646808493,18.4312127965799
"463","G7201390","Trujillo Alto Municipio","Puerto Rico",10,66338,52693,1424,21,-65.9991205486142,18.3363128716972
"464","G7201410","Utuado Municipio","Puerto Rico",10,28676,15154,780,47,-66.7024435205324,18.2710209668584
"465","G7201430","Vega Alta Municipio","Puerto Rico",10,37106,26510,1327,29,-66.3372280063297,18.4092721255684
"466","G7201450","Vega Baja Municipio","Puerto Rico",10,52192,43427,1104,17,-66.397947638175,18.4284218123939
"467","G7201470","Vieques Municipio","Puerto Rico",10,8642,4730,680,45,-65.4416060208544,18.1233864315941
"468","G7201510","Yabucoa Municipio","Puerto Rico",10,33499,6244,1109,81,-65.8965908737738,18.0705989546039
"469","G7201530","Yauco Municipio","Puerto Rico",10,35428,26607,785,25,-66.8582841167245,18.0797384877857
